age_group,no,yes
20s,4418.568273924471,27518.035261860463
30s,6337.36294517588,30271.246414999998
40s,9183.34209718894,32654.718697258064
50s+,13430.898766782335,38748.347617941174
